file	type	bytes	sha256
code_payload.part-000	code	51380224	fd74ce49643c5ba5d10796916f1177f1a78033e8c17768247acf113b1b3acf85
code_payload.part-001	code	51380224	c45b45c67f051b9f65823b71ad44aae53c9bad37ab987fddc63633007ea5a6ff
code_payload.part-002	code	47780146	3fcd22a562e2fcca25e76a3013e53385fdb5b971bf992588a767f692091d4c77
cinsig-drews-cpu.sif.part-000	sif	51380224	9cd4fde75b51fa1bc74aa98c5e696ac6b92b6b3d82d0748d3574e6d6afb96152
cinsig-drews-cpu.sif.part-001	sif	51380224	878eae797fbdb2d6f5dd123722ae9ee29115516bff84d88ae7cd3e9ac337fc7d
cinsig-drews-cpu.sif.part-002	sif	51380224	9a48557ddcae5849a6c6e68616a7552c3e2d1707b488a5beffac902c97bd358e
cinsig-drews-cpu.sif.part-003	sif	51380224	a3e3b3eeff04860033113503bea60f8e42c9a0bbe0935ccdf6e9a613b8f804e9
cinsig-drews-cpu.sif.part-004	sif	51380224	66523599e2b967a4fcea7c240aa73adb4af9076181d006c865fba124797437d5
cinsig-drews-cpu.sif.part-005	sif	51380224	1e8f3d414f6fed5a276689f2aadd93247aadfe826941ee1904c2c86cf4b2f6e4
cinsig-drews-cpu.sif.part-006	sif	51380224	bcc0f549397d920056adda8dc461f0a09cb454cd6d64ca1cc2803f564e993685
cinsig-drews-cpu.sif.part-007	sif	51380224	8128440661db0532c2a2fab519894e7422f7f6aea25f1fc3d030b66542a9525b
cinsig-drews-cpu.sif.part-008	sif	51380224	b345c0dd9e4f1460e4819c42c1cdfc583a7e21b1016282d7609afadfb6f3de86
cinsig-drews-cpu.sif.part-009	sif	51380224	f80bd034d434fec6cb2b5b2de555d2c1916992770df7bb345c5e715c86708ff5
cinsig-drews-cpu.sif.part-010	sif	51380224	be78d3b0a449f2d0fd0bf368f47f70fc4573860bf46628947724c33d2a75e68c
cinsig-drews-cpu.sif.part-011	sif	51380224	2b40dd53dc7241c5646b1aa766e4d5cf11e40e3c3a7f9c3744f59bc7ba21962a
cinsig-drews-cpu.sif.part-012	sif	51380224	e97004c372a078dada4d822eaaca39c584c4d9c7d2c69014f71bbdcf11c0389d
cinsig-drews-cpu.sif.part-013	sif	51380224	383322c075466028871176aa741f07b97960eb209f04e8a8279842da07d51f72
cinsig-drews-cpu.sif.part-014	sif	51380224	3353dc07859f5ffa328ef1556fd21982b16adb481a3e80f48ff0f540c4ccbae2
cinsig-drews-cpu.sif.part-015	sif	51380224	aefea931cc74c22eaf3c41d0b044a6abfb65e68e61e7afd4e9e6b37c7eed274a
cinsig-drews-cpu.sif.part-016	sif	51380224	1b4afb817741582f3c6a1e162aec237ad896ccbe07d35468ba8e94e6efed01a6
cinsig-drews-cpu.sif.part-017	sif	51380224	b30cbd925139f09fb906306ba7821ac933b9f8d0999b799a4720d462a9646256
cinsig-drews-cpu.sif.part-018	sif	51380224	1779c7334c9c7584b64632a5088fc5868ba7ca9b05704438fc6a6d6d606aaa27
cinsig-drews-cpu.sif.part-019	sif	51380224	4cb803fe1831ab479e69edf152e17f6b605580254712dee9ee94b09734ab8dce
cinsig-drews-cpu.sif.part-020	sif	51380224	a79069b00991e53bda9dbb146e0644590d8683371e6dc4b64baae479d89c20d2
cinsig-drews-cpu.sif.part-021	sif	51380224	8b3941b11e4c90679b27daab9ea5fb324925ad3dc083ed128c3ff71d0d06ec76
cinsig-drews-cpu.sif.part-022	sif	51380224	b58a872784487dd8c916d5a16140dc7e33ec987d7b4d5c7f0e75be9176f97dc8
cinsig-drews-cpu.sif.part-023	sif	51380224	290cf6df3b12a75f1bbd4bf43ee92de3b54bf841d6a997bbf6797f1cdc8e776c
cinsig-drews-cpu.sif.part-024	sif	51380224	35cc68a45db299771b8252a3a21ca76e9460ec5f235088aaaba5e86a443e960d
cinsig-drews-cpu.sif.part-025	sif	51380224	9a37adf90bbcb363415d6d942a0ca1b3a67729d34bdb445ec910fcf3a4f150e2
cinsig-drews-cpu.sif.part-026	sif	51380224	6f27933fbb15b08e457088c87dc394bf9794758a8a45a61ecf588559dfdd6990
cinsig-drews-cpu.sif.part-027	sif	51380224	da5a5e8a6cb56b389a8badd1a1490eff99530a6c0931c257a5c4e26f6eeb1515
cinsig-drews-cpu.sif.part-028	sif	51380224	b64c79d80b6944c67627ea0a41766f395629f0559e36b5048e691ea8c0ba723e
cinsig-drews-cpu.sif.part-029	sif	51380224	d13fcb25927949e8f17f5dacc61cf7d53791df0a4df55aff735a5f3a4d6ad70e
cinsig-drews-cpu.sif.part-030	sif	51380224	f9b54452c7ede3be35d8ba44790305bdd575550f024877b3d3e0ecfbb33360c6
cinsig-drews-cpu.sif.part-031	sif	51380224	8c3cd808b3bd70148783eda8b07016b2dbacf7d55ed9a77aa83a77004779192d
cinsig-drews-cpu.sif.part-032	sif	51380224	fa0e3fc27e76b81f55ec60db2afa9fa5a1f0be3ab2fa08b760055cdd1757802c
cinsig-drews-cpu.sif.part-033	sif	51380224	00a27d91a690f021be670716abfa47f2b97d8f0d57c6597c8025855271b85488
cinsig-drews-cpu.sif.part-034	sif	51380224	d603af87acceb522192287cc5c4dab7437052f9793915fff32deb8e40e6a122b
cinsig-drews-cpu.sif.part-035	sif	51380224	42c2cde2ae60954419ca53a4dbb6fee0317fdd442e9cf83088ab9888304dbb30
cinsig-drews-cpu.sif.part-036	sif	51380224	20d77d57d2f5deb5c432d18173351fa18a36d22a7f64350ca8ce69cbec6f06a4
cinsig-drews-cpu.sif.part-037	sif	51380224	be16bf7ec2f9d3b692d9dd156f9e514114abb44d119a0e823743d1cc91dd7221
cinsig-drews-cpu.sif.part-038	sif	51380224	026532d4c6c2ee012bd4238636d7425b600792f93892e9d8df77a2e796a4f703
cinsig-drews-cpu.sif.part-039	sif	51380224	aaff4cbd2b2693e781cb120010a86c9a9d2be94f1ced37f6aa0a7c11eb875c8a
cinsig-drews-cpu.sif.part-040	sif	51380224	6660e6220230cf4f1f39f6f78ad08bab0021f5e0b55f409ab13436c56718b8ec
cinsig-drews-cpu.sif.part-041	sif	51380224	15a91c13cd478d8a3edb69f95ee0e6714ca150bda7fe83b489f23df805feedd2
cinsig-drews-cpu.sif.part-042	sif	51380224	14fb3440f33dc123e85f07a1bfc1ecbc07b72c5e729ba5bea9492b974a1c3f06
cinsig-drews-cpu.sif.part-043	sif	51380224	3b9fe57a25fe601d328ae515604a6fa17f2bb9d6053d1d7e8c475aeb356192f3
cinsig-drews-cpu.sif.part-044	sif	51380224	c19688faeca563c74371f90b6cf63b19486202ec4ae05add9a46efe0bf6d1989
cinsig-drews-cpu.sif.part-045	sif	51380224	5d7c74b3e95e42883a9b6132df274882ae87db71ad192bb7ae8766bf9355529d
cinsig-drews-cpu.sif.part-046	sif	51380224	28993c8fb37fba924334eea3b825014d2c0ce8250ff1e15e4a0d44a632886e6f
cinsig-drews-cpu.sif.part-047	sif	51380224	6b54dc5d6adee329f5a2578c8e847a53949dcf4e50057a9b3a1073933ce6dfbc
cinsig-drews-cpu.sif.part-048	sif	51380224	4eca44df7ac64b0372cf34aca0223c7aacffa1b762ffd7fffcb56149d3c02cd8
cinsig-drews-cpu.sif.part-049	sif	51380224	64ebd52aee00cb4cf23a12eeec374f5bcfe2927802339ab08a3b3340d9bdef8c
cinsig-drews-cpu.sif.part-050	sif	51380224	d8b5dc190c651a44ed2a57c1373ab12ecaf28fb844e5163f5b5d5c0f9342d405
cinsig-drews-cpu.sif.part-051	sif	51380224	b9432d9678e855d6979f1658bdbbf6cc0c945b406bc4f0d40da944308f588f0f
cinsig-drews-cpu.sif.part-052	sif	51380224	331585ea090979622967b56e697268440cb0e1b7a9d88124625bc9d22c4a0ebb
cinsig-drews-cpu.sif.part-053	sif	51380224	9be5f3ea15c1e8492a0af1a0561fc1230cf0bdfcb77eab5afe746a6029e87298
cinsig-drews-cpu.sif.part-054	sif	51380224	3591585844ee33865e18ef3dc856714bf5b27841b97e61c700d38c3b4fe0842d
cinsig-drews-cpu.sif.part-055	sif	51380224	12949bfa3bd4a0b340ed2f999970e15646f14c07ca0d90a455294f2de1529e5b
cinsig-drews-cpu.sif.part-056	sif	51380224	46e7f9e204b6924801363bb3786bcd14a883347c3c87919002e217fce4bcef2e
cinsig-drews-cpu.sif.part-057	sif	51380224	a3ed617c8f6421f639884d2bfb56ca6947e5933c40e7d12bf1697f91c1a4dd1b
cinsig-drews-cpu.sif.part-058	sif	51380224	389b6697f5b87b49291e2cbb68e318a9b7ae6e74e79a7e424d0ceaf7fd87de2b
cinsig-drews-cpu.sif.part-059	sif	51380224	1aa87ec98f85c98f9aa11109c826b1167804ce0d226c6bdf17430a9aa449f6cb
cinsig-drews-cpu.sif.part-060	sif	51380224	6d1d1e8272d0b507c349d5bce7f6e8d04e619405a43d420874152c0113e6932a
cinsig-drews-cpu.sif.part-061	sif	51380224	1dde011e846f8c4436e0c962a3bcc2878d2b9cffb005b0c376b07bd932f7c7bf
cinsig-drews-cpu.sif.part-062	sif	51380224	952d29935a70f6876d4f3798b47d30ff29c8c8bb226ead435b38934dfbeeebdb
cinsig-drews-cpu.sif.part-063	sif	51380224	165f4dda5004c4999d7eb452e2738645c2e6ef0c8b49e4a0e86cdc5b7caa42fc
cinsig-drews-cpu.sif.part-064	sif	51380224	6fc75599d599d06ffd816ae3e1f787f016931fba9d73071b9b7ae0c4693cd704
cinsig-drews-cpu.sif.part-065	sif	51380224	270e059662570474094aa63590deb2b216cba51f908ca68d8d973187e038bd33
cinsig-drews-cpu.sif.part-066	sif	51380224	d4df209e6845562691a19df0b2533d688b09980caa43cca549cc49111950d433
cinsig-drews-cpu.sif.part-067	sif	51380224	fb47195f487318306e6579a308820d4b223524dcca82a96241844d1a84dcec12
cinsig-drews-cpu.sif.part-068	sif	51380224	1dc692338dfeeecb31f5f5e44a898b819ffdac9505b6503a5626de7cd52b3787
cinsig-drews-cpu.sif.part-069	sif	51380224	a4151d1e26559af72dc75a7fe4cb7fcb07042f51722fa58fa2163648a78d38a5
cinsig-drews-cpu.sif.part-070	sif	51380224	1524a8893791058098c3fb77968c61f02f5a3dcdabc62b22897f62a652251320
cinsig-drews-cpu.sif.part-071	sif	51380224	80204571a34fc7438f4e46b3341d45bce7ba35c707812847a5660e36ead9dc69
cinsig-drews-cpu.sif.part-072	sif	51380224	19c817d0b2de993ad9ae0db8a62257c650cd0108891c4d4152cc73c1269bc627
cinsig-drews-cpu.sif.part-073	sif	51380224	31b72db70143491b9c3479ed29d22888bfef8e8841141566a018af68159ab89a
cinsig-drews-cpu.sif.part-074	sif	51380224	fa500c660b2b1303c28b17970ce9ae65167c01c5b2cd65a7027dc1fdac2ce1de
cinsig-drews-cpu.sif.part-075	sif	51380224	b9a3e8888ff5a83f1f90f6e0b4929cc78402d02a5159c3aa591950f7e80fa56c
cinsig-drews-cpu.sif.part-076	sif	51380224	5959e92ed74e3a5affc8412284bd192f95aa1f2da4449a4d8862517f8374eb6c
cinsig-drews-cpu.sif.part-077	sif	51380224	6b8189b9b4e248566b68dfafe7cee297659a9343d6d347f22693b2ee1c941091
cinsig-drews-cpu.sif.part-078	sif	51380224	1a1d99678882012a6ed53eb5cc92284d2cb2ad798d41d61705671b0299861398
cinsig-drews-cpu.sif.part-079	sif	51380224	fcb88fe6dc48597b84dfc7dd134a0fc846b015f515560648522f21cf39fdb917
cinsig-drews-cpu.sif.part-080	sif	51380224	26c47bcab5b9727d6142c09fbaca60aa93a12485a6604d53bed563d8e08521b6
cinsig-drews-cpu.sif.part-081	sif	51380224	cf2e601c642e7a146f4c4b881ff423d6725d44b3337268a3f1f2c1aaf97da32d
cinsig-drews-cpu.sif.part-082	sif	51380224	8ee062f80e7e0c40d8204c84ece66ab4860bec5c49ce47b8c344a5e4d24cdc1d
cinsig-drews-cpu.sif.part-083	sif	51380224	6a15105a6fedb1934f90e781f780afb011040b44fb39079dc2e7e957a50911c1
cinsig-drews-cpu.sif.part-084	sif	51380224	40ca7992e44171244cc45c2b34601afb1533121d9d2be501b911cba0cc3a264d
cinsig-drews-cpu.sif.part-085	sif	51380224	d0eee60853b1c61de131de4cfc4434d1846173c573ee9cd8ce878551f9bdc90b
cinsig-drews-cpu.sif.part-086	sif	51380224	7d5e5d10b353305a941676d64fb3c008edd9eab818020867d0c805ca06b923ef
cinsig-drews-cpu.sif.part-087	sif	51380224	ef933a60bcc99fa7ec205b8109cb07b4aea9ee3e5ccbddded034a61cbb7fbda7
cinsig-drews-cpu.sif.part-088	sif	51380224	6956de6465fbcc86caa6e4fd03d4d6b669278ef1dbb8cf09c897e5392571ffd7
cinsig-drews-cpu.sif.part-089	sif	51380224	a7f947830b0026c0a16cd07b04d62e2b9ff08d78192f11e51415a25a6939c06f
cinsig-drews-cpu.sif.part-090	sif	51380224	aad02f1778f7bb1fec05b54e0e150768610f3fe769e615d402aee8a035ef0c34
cinsig-drews-cpu.sif.part-091	sif	51380224	60c6bdc5841cedd96e6745070ab8ebde417eaf497cbf69e564a227f89d632d1e
cinsig-drews-cpu.sif.part-092	sif	51380224	7bbd7d5d14332aefb98f2b1358ba73081ca4fe5a1692962a2c941d6cf887bc48
cinsig-drews-cpu.sif.part-093	sif	51380224	1283c8e976c9a7db6c60fc06309018cb23fdaf0080ca013f2c6fe3a1bdb7845b
cinsig-drews-cpu.sif.part-094	sif	51380224	4eb3854a7b24ef7ee086f44694a7f3f4776722c3a54d845915490b36891d74b8
cinsig-drews-cpu.sif.part-095	sif	51380224	5d50d63e53e1479821fc2ada9e9a823ef62636eb62744c069728ed9c8df181b8
cinsig-drews-cpu.sif.part-096	sif	51380224	e5f616f1ca8b60db3466f84408481b47cf5a0b8e6df3198b3034766e9a097ef4
cinsig-drews-cpu.sif.part-097	sif	51380224	c483446f94e9b4c8116e72e8e222e06e2bdb027b6a01dbacb1631129ec286dbd
cinsig-drews-cpu.sif.part-098	sif	51380224	866046665525ce27ccb0946e304e18b197e67df37bd7f677a286ea7d0827d957
cinsig-drews-cpu.sif.part-099	sif	51380224	55f9e1c0eb2be58098f74d669e9da091ebdfaecfe703808f1293d1af2ae381e2
cinsig-drews-cpu.sif.part-100	sif	51380224	7b310c61e9c9fb392ff007a1951b9179e1ff6a07c0ec375e1a1f0745c04600c4
cinsig-drews-cpu.sif.part-101	sif	51380224	3797af2e50e091bf0c4f0e3abbac2d3686717866314f6f0598dc2a318dd9b121
cinsig-drews-cpu.sif.part-102	sif	51380224	d53ca8d0a212fea74ae05deb7a98782ab102f2716b4307e49b04556c5559defa
cinsig-drews-cpu.sif.part-103	sif	51380224	c282bcd790f4afb451274013e55c2d90378412fc88ea58b8866fa5968c730cef
cinsig-drews-cpu.sif.part-104	sif	51380224	3bc42b2e47878005a6898b4767d223505e6b2350eb2e923fccf3f58a3b579b49
cinsig-drews-cpu.sif.part-105	sif	51380224	8e5a54325b4601c4b487a48458c3f15ccab3499e30f28ef4f5753b3aa1a90997
cinsig-drews-cpu.sif.part-106	sif	51380224	7a9ca42f5648700ca11d7189b8ac427b5f76324f182d2adcde2df91839446494
cinsig-drews-cpu.sif.part-107	sif	51380224	d2c5bc49f303710c0cc582a31e0824ad584876ebc72158bf1972a73c0fb01551
cinsig-drews-cpu.sif.part-108	sif	51380224	447c534acd1a2439c804e4c4102d106fb78667221addc0f54b978e9e2e05bc40
cinsig-drews-cpu.sif.part-109	sif	51380224	e39cb6c04a350298e4324da8a7da1678936696359747f641ae5b755be4ad46a3
cinsig-drews-cpu.sif.part-110	sif	51380224	7ef11396e1705e55a8f48728558d84272739932c098fb0be3540f0692be44dac
cinsig-drews-cpu.sif.part-111	sif	51380224	8a4e4835d89d8ce229b197d46a03eb5262e161cfb04b01e630785c08f3098144
cinsig-drews-cpu.sif.part-112	sif	51380224	e0d6d7936431a2b587f776421dc603bc710e755c7b6bc096d0a2af33448bdfd1
cinsig-drews-cpu.sif.part-113	sif	51380224	f835a22aa38c331d64367d0bb0d6f927053153f72104848d4011955be90085a2
cinsig-drews-cpu.sif.part-114	sif	51380224	152fcf1d2c8c33daeb87ac1dfa15eeb7cd34590ce35843e69440e4061680eb39
cinsig-drews-cpu.sif.part-115	sif	51380224	38761b23f5f03d284a34e82bc0db83be249a35116c506ccc498587969643c6a6
cinsig-drews-cpu.sif.part-116	sif	51380224	252394e8158925bf566d05a7b9b1f61e9c8f4df60e38577c7107873af4f96173
cinsig-drews-cpu.sif.part-117	sif	51380224	fe6e389951f93e943fe74428fb8857e8cbe0c52e014a82068b440d749e00a7e8
cinsig-drews-cpu.sif.part-118	sif	51380224	d9df56be2712dcb13aebe5986de0ed64b7d694f79a08f757c20ce1ebdec12469
cinsig-drews-cpu.sif.part-119	sif	51380224	e184402a6da061053b8b8e6eeed95b483101b9d4f538bb70beaae7ee0d859272
cinsig-drews-cpu.sif.part-120	sif	51380224	da417f4a2025620e19921e9b08d874f5de69d5c632c544f20dd652a05f72394e
cinsig-drews-cpu.sif.part-121	sif	51380224	272ab236ba01c384a466da72f4d8e86fde5c84698cf077fcee52fdfee2d438c4
cinsig-drews-cpu.sif.part-122	sif	51380224	c76aba2034c386990c2e81a01e3bbd1d376516627c08661c760abd41df0e96b8
cinsig-drews-cpu.sif.part-123	sif	51380224	91cc525a6a8b434aa8ca0d075d63ca41f545d63183543987f4f67d5ad24f3775
cinsig-drews-cpu.sif.part-124	sif	51380224	c59fa3376ebc8f0eb776ab5a8c558a5d12f7c9fe457098cd96537fc1951cbd1b
cinsig-drews-cpu.sif.part-125	sif	51380224	455e06a24d2c2da237414fe46bd05a7a2ede36e0210185b1c3d51a98ea5113d5
cinsig-drews-cpu.sif.part-126	sif	51380224	ea74786dcac1ec8a9dad8bb77d0f450230e5b4100c1280c7cda3557243aec0bd
cinsig-drews-cpu.sif.part-127	sif	51380224	0fdd9c069e2f67f5200e41929b641eed63c9908a6329652482cfba1d89e37578
cinsig-drews-cpu.sif.part-128	sif	51380224	d2a94c528c0dabfd09047bef51352a9981e69f84e985333e871d82c6ab64134c
cinsig-drews-cpu.sif.part-129	sif	51380224	dda57b5a1835ff496da5393951552a119652a3c7ee2651d925e932d8151ac507
cinsig-drews-cpu.sif.part-130	sif	51380224	90264580bc525367791ca0c87fdca677505bd02dd80d6448e84aa3ca75755ae0
cinsig-drews-cpu.sif.part-131	sif	51380224	9e6064b2247e0c830f69b474c6d62e15abce1ee948357a8ea4f3288dc478f273
cinsig-drews-cpu.sif.part-132	sif	18010112	4550913523b53f7202f2b081ccdc0702e1ee08af90789783e90ea7c740632a0b
